,Date,News_len,News_line,News_num,News_words,Ratio_len,Ratio_line,Ratio_num,Ratio_words,Reg_len,Reg_line,Reg_num,Reg_words
0,2013-04-01,0.0,0.0,0.0,0.0,,,,,0.0,0.0,0.0,0.0
1,2013-04-08,0.0,0.0,0.0,0.0,,,,,0.0,0.0,0.0,0.0
2,2013-04-15,0.0,0.0,0.0,0.0,,,,,0.0,0.0,0.0,0.0
3,2013-04-22,0.0,0.0,0.0,0.0,,,,,0.0,0.0,0.0,0.0
4,2013-04-29,0.0,0.0,0.0,0.0,,,,,0.0,0.0,0.0,0.0
5,2013-05-06,0.0,0.0,0.0,0.0,,,,,0.0,0.0,0.0,0.0
6,2013-05-13,0.0,0.0,0.0,0.0,,,,,0.0,0.0,0.0,0.0
7,2013-05-20,0.0,0.0,0.0,0.0,,,,,0.0,0.0,0.0,0.0
8,2013-05-27,0.0,0.0,0.0,0.0,,,,,0.0,0.0,0.0,0.0
9,2013-06-03,0.0,0.0,0.0,0.0,,,,,0.0,0.0,0.0,0.0
10,2013-06-10,0.0,0.0,0.0,0.0,,,,,0.0,0.0,0.0,0.0
11,2013-06-17,0.0,0.0,0.0,0.0,,,,,0.0,0.0,0.0,0.0
12,2013-06-24,0.0,0.0,0.0,0.0,,,,,0.0,0.0,0.0,0.0
13,2013-07-01,0.0,0.0,0.0,0.0,,,,,0.0,0.0,0.0,0.0
14,2013-07-08,0.0,0.0,0.0,0.0,,,,,0.0,0.0,0.0,0.0
15,2013-07-15,0.0,0.0,0.0,0.0,,,,,0.0,0.0,0.0,0.0
16,2013-07-22,0.0,0.0,0.0,0.0,,,,,0.0,0.0,0.0,0.0
17,2013-07-29,0.0,0.0,0.0,0.0,,,,,0.0,0.0,0.0,0.0
18,2013-08-05,0.0,0.0,0.0,0.0,,,,,0.0,0.0,0.0,0.0
19,2013-08-12,0.0,0.0,0.0,0.0,,,,,0.0,0.0,0.0,0.0
20,2013-08-19,0.0,0.0,0.0,0.0,,,,,0.0,0.0,0.0,0.0
21,2013-08-26,0.0,0.0,0.0,0.0,,,,,0.0,0.0,0.0,0.0
22,2013-09-02,0.0,0.0,0.0,0.0,,,,,0.0,0.0,0.0,0.0
23,2013-09-09,0.0,0.0,0.0,0.0,,,,,0.0,0.0,0.0,0.0
24,2013-09-16,0.0,0.0,0.0,0.0,,,,,0.0,0.0,0.0,0.0
25,2013-09-23,0.0,0.0,0.0,0.0,,,,,0.0,0.0,0.0,0.0
26,2013-09-30,0.0,0.0,0.0,0.0,,,,,0.0,0.0,0.0,0.0
27,2013-10-07,0.0,0.0,0.0,0.0,,,,,0.0,0.0,0.0,0.0
28,2013-10-14,0.0,0.0,0.0,0.0,,,,,0.0,0.0,0.0,0.0
29,2013-10-21,0.0,0.0,0.0,0.0,,,,,0.0,0.0,0.0,0.0
30,2013-10-28,0.0,0.0,0.0,0.0,,,,,0.0,0.0,0.0,0.0
31,2013-11-04,0.0,0.0,0.0,0.0,,,,,0.0,0.0,0.0,0.0
32,2013-11-11,0.0,0.0,0.0,0.0,,,,,0.0,0.0,0.0,0.0
33,2013-11-18,0.0,0.0,0.0,0.0,,,,,0.0,0.0,0.0,0.0
34,2013-11-25,0.0,0.0,0.0,0.0,,,,,0.0,0.0,0.0,0.0
35,2013-12-02,0.0,0.0,0.0,0.0,,,,,0.0,0.0,0.0,0.0
36,2013-12-09,0.0,0.0,0.0,0.0,,,,,0.0,0.0,0.0,0.0
37,2013-12-16,0.0,0.0,0.0,0.0,,,,,0.0,0.0,0.0,0.0
38,2013-12-23,0.0,0.0,0.0,0.0,,,,,0.0,0.0,0.0,0.0
39,2013-12-30,0.0,0.0,0.0,0.0,,,,,0.0,0.0,0.0,0.0
40,2014-01-06,0.0,0.0,0.0,0.0,,,,,0.0,0.0,0.0,0.0
41,2014-01-13,0.0,0.0,0.0,0.0,,,,,0.0,0.0,0.0,0.0
42,2014-01-20,0.0,0.0,0.0,0.0,,,,,0.0,0.0,0.0,0.0
43,2014-01-27,0.0,0.0,0.0,0.0,,,,,0.0,0.0,0.0,0.0
44,2014-02-03,0.0,0.0,0.0,0.0,,,,,0.0,0.0,0.0,0.0
45,2014-02-10,0.0,0.0,0.0,0.0,,,,,0.0,0.0,0.0,0.0
46,2014-02-17,0.0,0.0,0.0,0.0,,,,,0.0,0.0,0.0,0.0
47,2014-02-24,0.0,0.0,0.0,0.0,,,,,0.0,0.0,0.0,0.0
48,2014-03-03,0.0,0.0,0.0,0.0,,,,,0.0,0.0,0.0,0.0
49,2014-03-10,0.0,0.0,0.0,0.0,,,,,0.0,0.0,0.0,0.0
50,2014-03-17,0.0,0.0,0.0,0.0,,,,,0.0,0.0,0.0,0.0
51,2014-03-24,0.0,0.0,0.0,0.0,,,,,0.0,0.0,0.0,0.0
52,2014-03-31,0.0,0.0,0.0,0.0,,,,,0.0,0.0,0.0,0.0
53,2014-04-07,0.0,0.0,0.0,0.0,,,,,0.0,0.0,0.0,0.0
54,2014-04-14,0.0,0.0,0.0,0.0,,,,,0.0,0.0,0.0,0.0
55,2014-04-21,0.0,0.0,0.0,0.0,,,,,0.0,0.0,0.0,0.0
56,2014-04-28,0.0,0.0,0.0,0.0,,,,,0.0,0.0,0.0,0.0
57,2014-05-05,0.0,0.0,0.0,0.0,,,,,0.0,0.0,0.0,0.0
58,2014-05-12,0.0,0.0,0.0,0.0,,,,,0.0,0.0,0.0,0.0
59,2014-05-19,0.0,0.0,0.0,0.0,,,,,0.0,0.0,0.0,0.0
60,2014-05-26,0.0,0.0,0.0,0.0,,,,,0.0,0.0,0.0,0.0
61,2014-06-02,0.0,0.0,0.0,0.0,,,,,0.0,0.0,0.0,0.0
62,2014-06-09,0.0,0.0,0.0,0.0,,,,,0.0,0.0,0.0,0.0
63,2014-06-16,0.0,0.0,0.0,0.0,,,,,0.0,0.0,0.0,0.0
64,2014-06-23,0.0,0.0,0.0,0.0,,,,,0.0,0.0,0.0,0.0
65,2014-06-30,0.0,0.0,0.0,0.0,,,,,0.0,0.0,0.0,0.0
66,2014-07-07,0.0,0.0,0.0,0.0,,,,,0.0,0.0,0.0,0.0
67,2014-07-14,0.0,0.0,0.0,0.0,,,,,0.0,0.0,0.0,0.0
68,2014-07-21,0.0,0.0,0.0,0.0,,,,,0.0,0.0,0.0,0.0
69,2014-07-28,0.0,0.0,0.0,0.0,,,,,0.0,0.0,0.0,0.0
70,2014-08-04,0.0,0.0,0.0,0.0,,,,,0.0,0.0,0.0,0.0
71,2014-08-11,0.0,0.0,0.0,0.0,,,,,0.0,0.0,0.0,0.0
72,2014-08-18,0.0,0.0,0.0,0.0,,,,,0.0,0.0,0.0,0.0
73,2014-08-25,0.0,0.0,0.0,0.0,,,,,0.0,0.0,0.0,0.0
74,2014-09-01,0.0,0.0,0.0,0.0,,,,,0.0,0.0,0.0,0.0
75,2014-09-08,0.0,0.0,0.0,0.0,,,,,0.0,0.0,0.0,0.0
76,2014-09-15,0.0,0.0,0.0,0.0,,,,,0.0,0.0,0.0,0.0
77,2014-09-22,0.0,0.0,0.0,0.0,,,,,0.0,0.0,0.0,0.0
78,2014-09-29,0.0,0.0,0.0,0.0,,,,,0.0,0.0,0.0,0.0
79,2014-10-06,0.0,0.0,0.0,0.0,,,,,0.0,0.0,0.0,0.0
80,2014-10-13,0.0,0.0,0.0,0.0,,,,,0.0,0.0,0.0,0.0
81,2014-10-20,0.0,0.0,0.0,0.0,,,,,0.0,0.0,0.0,0.0
82,2014-10-27,0.0,0.0,0.0,0.0,,,,,0.0,0.0,0.0,0.0
83,2014-11-03,0.0,0.0,0.0,0.0,,,,,0.0,0.0,0.0,0.0
84,2014-11-10,0.0,0.0,0.0,0.0,,,,,0.0,0.0,0.0,0.0
85,2014-11-17,0.0,0.0,0.0,0.0,,,,,0.0,0.0,0.0,0.0
86,2014-11-24,0.0,0.0,0.0,0.0,,,,,0.0,0.0,0.0,0.0
87,2014-12-01,0.0,0.0,0.0,0.0,,,,,0.0,0.0,0.0,0.0
88,2014-12-08,0.0,0.0,0.0,0.0,,,,,0.0,0.0,0.0,0.0
89,2014-12-15,0.0,0.0,0.0,0.0,,,,,0.0,0.0,0.0,0.0
90,2014-12-22,0.0,0.0,0.0,0.0,,,,,0.0,0.0,0.0,0.0
91,2014-12-29,0.0,0.0,0.0,0.0,,,,,0.0,0.0,0.0,0.0
92,2015-01-05,0.0,0.0,0.0,0.0,,,,,0.0,0.0,0.0,0.0
93,2015-01-12,0.0,0.0,0.0,0.0,,,,,0.0,0.0,0.0,0.0
94,2015-01-19,0.0,0.0,0.0,0.0,,,,,0.0,0.0,0.0,0.0
95,2015-01-26,0.0,0.0,0.0,0.0,,,,,0.0,0.0,0.0,0.0
96,2015-02-02,0.0,0.0,0.0,0.0,,,,,0.0,0.0,0.0,0.0
97,2015-02-09,0.0,0.0,0.0,0.0,,,,,0.0,0.0,0.0,0.0
98,2015-02-16,0.0,0.0,0.0,0.0,,,,,0.0,0.0,0.0,0.0
99,2015-02-23,0.0,0.0,0.0,0.0,,,,,0.0,0.0,0.0,0.0
100,2015-03-02,0.0,0.0,0.0,0.0,,,,,0.0,0.0,0.0,0.0
101,2015-03-09,0.0,0.0,0.0,0.0,,,,,0.0,0.0,0.0,0.0
102,2015-03-16,0.0,0.0,0.0,0.0,,,,,0.0,0.0,0.0,0.0
103,2015-03-23,0.0,0.0,0.0,0.0,,,,,0.0,0.0,0.0,0.0
104,2015-03-30,0.0,0.0,0.0,0.0,,,,,0.0,0.0,0.0,0.0
105,2015-04-06,0.0,0.0,0.0,0.0,,,,,0.0,0.0,0.0,0.0
106,2015-04-13,0.0,0.0,0.0,0.0,,,,,0.0,0.0,0.0,0.0
107,2015-04-20,0.0,0.0,0.0,0.0,,,,,0.0,0.0,0.0,0.0
108,2015-04-27,0.0,0.0,0.0,0.0,,,,,0.0,0.0,0.0,0.0
109,2015-05-04,0.0,0.0,0.0,0.0,,,,,0.0,0.0,0.0,0.0
110,2015-05-11,0.0,0.0,0.0,0.0,,,,,0.0,0.0,0.0,0.0
111,2015-05-18,0.0,0.0,0.0,0.0,,,,,0.0,0.0,0.0,0.0
112,2015-05-25,0.0,0.0,0.0,0.0,,,,,0.0,0.0,0.0,0.0
113,2015-06-01,0.0,0.0,0.0,0.0,,,,,0.0,0.0,0.0,0.0
114,2015-06-08,0.0,0.0,0.0,0.0,,,,,0.0,0.0,0.0,0.0
115,2015-06-15,0.0,0.0,0.0,0.0,,,,,0.0,0.0,0.0,0.0
116,2015-06-22,0.0,0.0,0.0,0.0,,,,,0.0,0.0,0.0,0.0
117,2015-06-29,0.0,0.0,0.0,0.0,,,,,0.0,0.0,0.0,0.0
118,2015-07-06,0.0,0.0,0.0,0.0,,,,,0.0,0.0,0.0,0.0
119,2015-07-13,0.0,0.0,0.0,0.0,,,,,0.0,0.0,0.0,0.0
120,2015-07-20,0.0,0.0,0.0,0.0,,,,,0.0,0.0,0.0,0.0
121,2015-07-27,0.0,0.0,0.0,0.0,,,,,0.0,0.0,0.0,0.0
122,2015-08-03,0.0,0.0,0.0,0.0,,,,,0.0,0.0,0.0,0.0
123,2015-08-10,0.0,0.0,0.0,0.0,,,,,0.0,0.0,0.0,0.0
124,2015-08-17,0.0,0.0,0.0,0.0,,,,,0.0,0.0,0.0,0.0
125,2015-08-24,0.0,0.0,0.0,0.0,,,,,0.0,0.0,0.0,0.0
126,2015-08-31,0.0,0.0,0.0,0.0,,,,,0.0,0.0,0.0,0.0
127,2015-09-07,0.0,0.0,0.0,0.0,,,,,0.0,0.0,0.0,0.0
128,2015-09-14,0.0,0.0,0.0,0.0,,,,,0.0,0.0,0.0,0.0
129,2015-09-21,0.0,0.0,0.0,0.0,,,,,0.0,0.0,0.0,0.0
130,2015-09-28,0.0,0.0,0.0,0.0,,,,,0.0,0.0,0.0,0.0
131,2015-10-05,0.0,0.0,0.0,0.0,,,,,0.0,0.0,0.0,0.0
132,2015-10-12,0.0,0.0,0.0,0.0,,,,,0.0,0.0,0.0,0.0
133,2015-10-19,0.0,0.0,0.0,0.0,,,,,0.0,0.0,0.0,0.0
134,2015-10-26,0.0,0.0,0.0,0.0,,,,,0.0,0.0,0.0,0.0
135,2015-11-02,0.0,0.0,0.0,0.0,,,,,0.0,0.0,0.0,0.0
136,2015-11-09,0.0,0.0,0.0,0.0,,,,,0.0,0.0,0.0,0.0
137,2015-11-16,0.0,0.0,0.0,0.0,,,,,0.0,0.0,0.0,0.0
138,2015-11-23,0.0,0.0,0.0,0.0,,,,,0.0,0.0,0.0,0.0
139,2015-11-30,0.0,0.0,0.0,0.0,,,,,0.0,0.0,0.0,0.0
140,2015-12-07,0.0,0.0,0.0,0.0,,,,,0.0,0.0,0.0,0.0
141,2015-12-14,0.0,0.0,0.0,0.0,,,,,0.0,0.0,0.0,0.0
142,2015-12-21,0.0,0.0,0.0,0.0,,,,,0.0,0.0,0.0,0.0
143,2015-12-28,0.0,0.0,0.0,0.0,,,,,0.0,0.0,0.0,0.0
144,2016-01-04,0.0,0.0,0.0,0.0,,,,,0.0,0.0,0.0,0.0
145,2016-01-11,0.0,0.0,0.0,0.0,,,,,0.0,0.0,0.0,0.0
146,2016-01-18,0.0,0.0,0.0,0.0,,,,,0.0,0.0,0.0,0.0
147,2016-01-25,0.0,0.0,0.0,0.0,,,,,0.0,0.0,0.0,0.0
148,2016-02-01,0.0,0.0,0.0,0.0,,,,,0.0,0.0,0.0,0.0
149,2016-02-08,0.0,0.0,0.0,0.0,,,,,0.0,0.0,0.0,0.0
150,2016-02-15,0.0,0.0,0.0,0.0,,,,,0.0,0.0,0.0,0.0
151,2016-02-22,0.0,0.0,0.0,0.0,,,,,0.0,0.0,0.0,0.0
152,2016-02-29,0.0,0.0,0.0,0.0,,,,,0.0,0.0,0.0,0.0
153,2016-03-07,0.0,0.0,0.0,0.0,,,,,0.0,0.0,0.0,0.0
154,2016-03-14,0.0,0.0,0.0,0.0,,,,,0.0,0.0,0.0,0.0
155,2016-03-21,0.0,0.0,0.0,0.0,,,,,0.0,0.0,0.0,0.0
156,2016-03-28,0.0,0.0,0.0,0.0,,,,,0.0,0.0,0.0,0.0
157,2016-04-04,0.0,0.0,0.0,0.0,,,,,0.0,0.0,0.0,0.0
158,2016-04-11,0.0,0.0,0.0,0.0,,,,,0.0,0.0,0.0,0.0
159,2016-04-18,0.0,0.0,0.0,0.0,,,,,0.0,0.0,0.0,0.0
160,2016-04-25,0.0,0.0,0.0,0.0,,,,,0.0,0.0,0.0,0.0
161,2016-05-02,0.0,0.0,0.0,0.0,,,,,0.0,0.0,0.0,0.0
162,2016-05-09,0.0,0.0,0.0,0.0,,,,,0.0,0.0,0.0,0.0
163,2016-05-16,0.0,0.0,0.0,0.0,,,,,0.0,0.0,0.0,0.0
164,2016-05-23,0.0,0.0,0.0,0.0,,,,,0.0,0.0,0.0,0.0
165,2016-05-30,0.0,0.0,0.0,0.0,,,,,0.0,0.0,0.0,0.0
166,2016-06-06,0.0,0.0,0.0,0.0,,,,,0.0,0.0,0.0,0.0
167,2016-06-13,0.0,0.0,0.0,0.0,,,,,0.0,0.0,0.0,0.0
168,2016-06-20,0.0,0.0,0.0,0.0,,,,,0.0,0.0,0.0,0.0
169,2016-06-27,0.0,0.0,0.0,0.0,,,,,0.0,0.0,0.0,0.0
170,2016-07-04,0.0,0.0,0.0,0.0,,,,,0.0,0.0,0.0,0.0
171,2016-07-11,0.0,0.0,0.0,0.0,,,,,0.0,0.0,0.0,0.0
172,2016-07-18,0.0,0.0,0.0,0.0,,,,,0.0,0.0,0.0,0.0
173,2016-07-25,0.0,0.0,0.0,0.0,,,,,0.0,0.0,0.0,0.0
174,2016-08-01,0.0,0.0,0.0,0.0,,,,,0.0,0.0,0.0,0.0
175,2016-08-08,0.0,0.0,0.0,0.0,,,,,0.0,0.0,0.0,0.0
176,2016-08-15,0.0,0.0,0.0,0.0,,,,,0.0,0.0,0.0,0.0
177,2016-08-22,0.0,0.0,0.0,0.0,,,,,0.0,0.0,0.0,0.0
178,2016-08-29,0.0,0.0,0.0,0.0,,,,,0.0,0.0,0.0,0.0
179,2016-09-05,0.0,0.0,0.0,0.0,,,,,0.0,0.0,0.0,0.0
180,2016-09-12,0.0,0.0,0.0,0.0,,,,,0.0,0.0,0.0,0.0
181,2016-09-19,0.0,0.0,0.0,0.0,,,,,0.0,0.0,0.0,0.0
182,2016-09-26,0.0,0.0,0.0,0.0,,,,,0.0,0.0,0.0,0.0
183,2016-10-03,0.0,0.0,0.0,0.0,,,,,0.0,0.0,0.0,0.0
184,2016-10-10,0.0,0.0,0.0,0.0,,,,,0.0,0.0,0.0,0.0
185,2016-10-17,0.0,0.0,0.0,0.0,,,,,0.0,0.0,0.0,0.0
186,2016-10-24,0.0,0.0,0.0,0.0,,,,,0.0,0.0,0.0,0.0
187,2016-10-31,0.0,0.0,0.0,0.0,,,,,0.0,0.0,0.0,0.0
188,2016-11-07,0.0,0.0,0.0,0.0,,,,,0.0,0.0,0.0,0.0
189,2016-11-14,0.0,0.0,0.0,0.0,,,,,0.0,0.0,0.0,0.0
190,2016-11-21,0.0,0.0,0.0,0.0,,,,,0.0,0.0,0.0,0.0
191,2016-11-28,0.0,0.0,0.0,0.0,,,,,0.0,0.0,0.0,0.0
192,2016-12-05,0.0,0.0,0.0,0.0,,,,,0.0,0.0,0.0,0.0
193,2016-12-12,0.0,0.0,0.0,0.0,,,,,0.0,0.0,0.0,0.0
194,2016-12-19,0.0,0.0,0.0,0.0,,,,,0.0,0.0,0.0,0.0
195,2016-12-26,0.0,0.0,0.0,0.0,,,,,0.0,0.0,0.0,0.0
196,2017-01-02,0.0,0.0,0.0,0.0,,,,,0.0,0.0,0.0,0.0
197,2017-01-09,0.0,0.0,0.0,0.0,,,,,0.0,0.0,0.0,0.0
198,2017-01-16,0.0,0.0,0.0,0.0,,,,,0.0,0.0,0.0,0.0
199,2017-01-23,0.0,0.0,0.0,0.0,,,,,0.0,0.0,0.0,0.0
200,2017-01-30,0.0,0.0,0.0,0.0,,,,,0.0,0.0,0.0,0.0
201,2017-02-06,0.0,0.0,0.0,0.0,,,,,0.0,0.0,0.0,0.0
202,2017-02-13,0.0,0.0,0.0,0.0,,,,,0.0,0.0,0.0,0.0
203,2017-02-20,0.0,0.0,0.0,0.0,,,,,0.0,0.0,0.0,0.0
204,2017-02-27,0.0,0.0,0.0,0.0,,,,,0.0,0.0,0.0,0.0
205,2017-03-06,0.0,0.0,0.0,0.0,,,,,0.0,0.0,0.0,0.0
206,2017-03-13,0.0,0.0,0.0,0.0,,,,,0.0,0.0,0.0,0.0
207,2017-03-20,0.0,0.0,0.0,0.0,,,,,0.0,0.0,0.0,0.0
208,2017-03-27,0.0,0.0,0.0,0.0,,,,,0.0,0.0,0.0,0.0
209,2017-04-03,0.0,0.0,0.0,0.0,,,,,0.0,0.0,0.0,0.0
210,2017-04-10,0.0,0.0,0.0,0.0,,,,,0.0,0.0,0.0,0.0
211,2017-04-17,0.0,0.0,0.0,0.0,,,,,0.0,0.0,0.0,0.0
212,2017-04-24,0.0,0.0,0.0,0.0,,,,,0.0,0.0,0.0,0.0
213,2017-05-01,0.0,0.0,0.0,0.0,,,,,0.0,0.0,0.0,0.0
214,2017-05-08,0.0,0.0,0.0,0.0,,,,,0.0,0.0,0.0,0.0
215,2017-05-15,0.0,0.0,0.0,0.0,,,,,0.0,0.0,0.0,0.0
216,2017-05-22,0.0,0.0,0.0,0.0,,,,,0.0,0.0,0.0,0.0
217,2017-05-29,0.0,0.0,0.0,0.0,,,,,0.0,0.0,0.0,0.0
218,2017-06-05,0.0,0.0,0.0,0.0,,,,,0.0,0.0,0.0,0.0
219,2017-06-12,0.0,0.0,0.0,0.0,,,,,0.0,0.0,0.0,0.0
220,2017-06-19,0.0,0.0,0.0,0.0,,,,,0.0,0.0,0.0,0.0
221,2017-06-26,0.0,0.0,0.0,0.0,,,,,0.0,0.0,0.0,0.0
222,2017-07-03,0.0,0.0,0.0,0.0,,,,,0.0,0.0,0.0,0.0
223,2017-07-10,0.0,0.0,0.0,0.0,,,,,0.0,0.0,0.0,0.0
224,2017-07-17,0.0,0.0,0.0,0.0,,,,,0.0,0.0,0.0,0.0
225,2017-07-24,0.0,0.0,0.0,0.0,,,,,0.0,0.0,0.0,0.0
226,2017-07-31,0.0,0.0,0.0,0.0,,,,,0.0,0.0,0.0,0.0
227,2017-08-07,0.0,0.0,0.0,0.0,,,,,0.0,0.0,0.0,0.0
228,2017-08-14,0.0,0.0,0.0,0.0,,,,,0.0,0.0,0.0,0.0
229,2017-08-21,0.0,0.0,0.0,0.0,,,,,0.0,0.0,0.0,0.0
230,2017-08-28,0.0,0.0,0.0,0.0,,,,,0.0,0.0,0.0,0.0
231,2017-09-04,0.0,0.0,0.0,0.0,,,,,0.0,0.0,0.0,0.0
232,2017-09-11,0.0,0.0,0.0,0.0,,,,,0.0,0.0,0.0,0.0
233,2017-09-18,0.0,0.0,0.0,0.0,,,,,0.0,0.0,0.0,0.0
234,2017-09-25,0.0,0.0,0.0,0.0,,,,,0.0,0.0,0.0,0.0
235,2017-10-02,0.0,0.0,0.0,0.0,,,,,0.0,0.0,0.0,0.0
236,2017-10-09,0.0,0.0,0.0,0.0,,,,,0.0,0.0,0.0,0.0
237,2017-10-16,0.0,0.0,0.0,0.0,,,,,0.0,0.0,0.0,0.0
238,2017-10-23,0.0,0.0,0.0,0.0,,,,,0.0,0.0,0.0,0.0
239,2017-10-30,0.0,0.0,0.0,0.0,,,,,0.0,0.0,0.0,0.0
240,2017-11-06,0.0,0.0,0.0,0.0,,,,,0.0,0.0,0.0,0.0
241,2017-11-13,0.0,0.0,0.0,0.0,,,,,0.0,0.0,0.0,0.0
242,2017-11-20,0.0,0.0,0.0,0.0,,,,,0.0,0.0,0.0,0.0
243,2017-11-27,0.0,0.0,0.0,0.0,,,,,0.0,0.0,0.0,0.0
244,2017-12-04,0.0,0.0,0.0,0.0,,,,,0.0,0.0,0.0,0.0
245,2017-12-11,0.0,0.0,0.0,0.0,,,,,0.0,0.0,0.0,0.0
246,2017-12-18,0.0,0.0,0.0,0.0,,,,,0.0,0.0,0.0,0.0
247,2017-12-25,0.0,0.0,0.0,0.0,,,,,0.0,0.0,0.0,0.0
248,2018-01-01,0.0,0.0,0.0,0.0,,,,,0.0,0.0,0.0,0.0
249,2018-01-08,0.0,0.0,0.0,0.0,,,,,0.0,0.0,0.0,0.0
250,2018-01-15,0.0,0.0,0.0,0.0,,,,,0.0,0.0,0.0,0.0
251,2018-01-22,0.0,0.0,0.0,0.0,,,,,0.0,0.0,0.0,0.0
252,2018-01-29,0.0,0.0,0.0,0.0,,,,,0.0,0.0,0.0,0.0
253,2018-02-05,0.0,0.0,0.0,0.0,,,,,0.0,0.0,0.0,0.0
254,2018-02-12,0.0,0.0,0.0,0.0,,,,,0.0,0.0,0.0,0.0
255,2018-02-19,0.0,0.0,0.0,0.0,,,,,0.0,0.0,0.0,0.0
256,2018-02-26,0.0,0.0,0.0,0.0,,,,,0.0,0.0,0.0,0.0
257,2018-03-05,0.0,0.0,0.0,0.0,,,,,0.0,0.0,0.0,0.0
258,2018-03-12,0.0,0.0,0.0,0.0,,,,,0.0,0.0,0.0,0.0
259,2018-03-19,0.0,0.0,0.0,0.0,,,,,0.0,0.0,0.0,0.0
260,2018-03-26,0.0,0.0,0.0,0.0,,,,,0.0,0.0,0.0,0.0
261,2018-04-02,0.0,0.0,0.0,0.0,,,,,0.0,0.0,0.0,0.0
262,2018-04-09,0.0,0.0,0.0,0.0,,,,,0.0,0.0,0.0,0.0
263,2018-04-16,0.0,0.0,0.0,0.0,,,,,0.0,0.0,0.0,0.0
264,2018-04-23,0.0,0.0,0.0,0.0,,,,,0.0,0.0,0.0,0.0
265,2018-04-30,0.0,0.0,0.0,0.0,,,,,0.0,0.0,0.0,0.0
266,2018-05-07,0.0,0.0,0.0,0.0,,,,,0.0,0.0,0.0,0.0
267,2018-05-14,0.0,0.0,0.0,0.0,,,,,0.0,0.0,0.0,0.0
268,2018-05-21,0.0,0.0,0.0,0.0,,,,,0.0,0.0,0.0,0.0
269,2018-05-28,0.0,0.0,0.0,0.0,,,,,0.0,0.0,0.0,0.0
270,2018-06-04,0.0,0.0,0.0,0.0,,,,,0.0,0.0,0.0,0.0
271,2018-06-11,0.0,0.0,0.0,0.0,,,,,0.0,0.0,0.0,0.0
272,2018-06-18,0.0,0.0,0.0,0.0,,,,,0.0,0.0,0.0,0.0
273,2018-06-25,0.0,0.0,0.0,0.0,,,,,0.0,0.0,0.0,0.0
274,2018-07-02,0.0,0.0,0.0,0.0,,,,,0.0,0.0,0.0,0.0
275,2018-07-09,0.0,0.0,0.0,0.0,,,,,0.0,0.0,0.0,0.0
276,2018-07-16,0.0,0.0,0.0,0.0,,,,,0.0,0.0,0.0,0.0
277,2018-07-23,0.0,0.0,0.0,0.0,,,,,0.0,0.0,0.0,0.0
278,2018-07-30,0.0,0.0,0.0,0.0,,,,,0.0,0.0,0.0,0.0
279,2018-08-06,0.0,0.0,0.0,0.0,,,,,0.0,0.0,0.0,0.0
280,2018-08-13,0.0,0.0,0.0,0.0,,,,,0.0,0.0,0.0,0.0
281,2018-08-20,0.0,0.0,0.0,0.0,,,,,0.0,0.0,0.0,0.0
282,2018-08-27,0.0,0.0,0.0,0.0,,,,,0.0,0.0,0.0,0.0
283,2018-09-03,0.0,0.0,0.0,0.0,,,,,0.0,0.0,0.0,0.0
284,2018-09-10,0.0,0.0,0.0,0.0,,,,,0.0,0.0,0.0,0.0
285,2018-09-17,0.0,0.0,0.0,0.0,,,,,0.0,0.0,0.0,0.0
286,2018-09-24,0.0,0.0,0.0,0.0,,,,,0.0,0.0,0.0,0.0
287,2018-10-01,0.0,0.0,0.0,0.0,,,,,0.0,0.0,0.0,0.0
288,2018-10-08,0.0,0.0,0.0,0.0,,,,,0.0,0.0,0.0,0.0
289,2018-10-15,0.0,0.0,0.0,0.0,,,,,0.0,0.0,0.0,0.0
290,2018-10-22,0.0,0.0,0.0,0.0,,,,,0.0,0.0,0.0,0.0
291,2018-10-29,0.0,0.0,0.0,0.0,,,,,0.0,0.0,0.0,0.0
292,2018-11-05,0.0,0.0,0.0,0.0,,,,,0.0,0.0,0.0,0.0
293,2018-11-12,0.0,0.0,0.0,0.0,,,,,0.0,0.0,0.0,0.0
294,2018-11-19,0.0,0.0,0.0,0.0,,,,,0.0,0.0,0.0,0.0
295,2018-11-26,0.0,0.0,0.0,0.0,,,,,0.0,0.0,0.0,0.0
296,2018-12-03,0.0,0.0,0.0,0.0,,,,,0.0,0.0,0.0,0.0
297,2018-12-10,0.0,0.0,0.0,0.0,,,,,0.0,0.0,0.0,0.0
298,2018-12-17,0.0,0.0,0.0,0.0,,,,,0.0,0.0,0.0,0.0
299,2018-12-24,0.0,0.0,0.0,0.0,,,,,0.0,0.0,0.0,0.0
300,2018-12-31,0.0,0.0,0.0,0.0,,,,,0.0,0.0,0.0,0.0
301,2019-01-07,0.0,0.0,0.0,0.0,,,,,0.0,0.0,0.0,0.0
302,2019-01-14,0.0,0.0,0.0,0.0,,,,,0.0,0.0,0.0,0.0
303,2019-01-21,0.0,0.0,0.0,0.0,,,,,0.0,0.0,0.0,0.0
304,2019-01-28,0.0,0.0,0.0,0.0,,,,,0.0,0.0,0.0,0.0
305,2019-02-04,0.0,0.0,0.0,0.0,,,,,0.0,0.0,0.0,0.0
306,2019-02-11,0.0,0.0,0.0,0.0,,,,,0.0,0.0,0.0,0.0
307,2019-02-18,0.0,0.0,0.0,0.0,,,,,0.0,0.0,0.0,0.0
308,2019-02-25,0.0,0.0,0.0,0.0,,,,,0.0,0.0,0.0,0.0
309,2019-03-04,0.0,0.0,0.0,0.0,,,,,0.0,0.0,0.0,0.0
310,2019-03-11,0.0,0.0,0.0,0.0,,,,,0.0,0.0,0.0,0.0
311,2019-03-18,0.0,0.0,0.0,0.0,,,,,0.0,0.0,0.0,0.0
312,2019-03-25,0.0,0.0,0.0,0.0,,,,,0.0,0.0,0.0,0.0
313,2019-04-01,0.0,0.0,0.0,0.0,,,,,0.0,0.0,0.0,0.0
314,2019-04-08,0.0,0.0,0.0,0.0,,,,,0.0,0.0,0.0,0.0
315,2019-04-15,0.0,0.0,0.0,0.0,,,,,0.0,0.0,0.0,0.0
316,2019-04-22,0.0,0.0,0.0,0.0,,,,,0.0,0.0,0.0,0.0
317,2019-04-29,0.0,0.0,0.0,0.0,,,,,0.0,0.0,0.0,0.0
318,2019-05-06,0.0,0.0,0.0,0.0,,,,,0.0,0.0,0.0,0.0
319,2019-05-13,0.0,0.0,0.0,0.0,,,,,0.0,0.0,0.0,0.0
320,2019-05-20,0.0,0.0,0.0,0.0,,,,,0.0,0.0,0.0,0.0
321,2019-05-27,0.0,0.0,0.0,0.0,,,,,0.0,0.0,0.0,0.0
322,2019-06-03,0.0,0.0,0.0,0.0,,,,,0.0,0.0,0.0,0.0
323,2019-06-10,0.0,0.0,0.0,0.0,,,,,0.0,0.0,0.0,0.0
324,2019-06-17,0.0,0.0,0.0,0.0,,,,,0.0,0.0,0.0,0.0
325,2019-06-24,0.0,0.0,0.0,0.0,,,,,0.0,0.0,0.0,0.0
326,2019-07-01,0.0,0.0,0.0,0.0,,,,,0.0,0.0,0.0,0.0
327,2019-07-08,0.0,0.0,0.0,0.0,,,,,0.0,0.0,0.0,0.0
